ModuleID,VideoLink,RoomID
1,https://www.youtube.com/watch?v=9fYxutdkAJ5,29
3,https://www.youtube.com/watch?v=RsQR2vulaEs,1
6,https://www.youtube.com/watch?v=2rSezs9zEA1,29
7,https://www.youtube.com/watch?v=D4XTjuSWDQw,23
11,https://www.youtube.com/watch?v=N16oofhe51D,17
14,https://www.youtube.com/watch?v=nYgiRj5kclU,25
20,https://www.youtube.com/watch?v=gc9r7bRe0sB,26
23,https://www.youtube.com/watch?v=bnWVV7VFPJZ,19
34,https://www.youtube.com/watch?v=Q0veKfHjawd,11
38,https://www.youtube.com/watch?v=CfxLrhacylb,26
43,https://www.youtube.com/watch?v=4PkWLhOflnM,17
47,https://www.youtube.com/watch?v=i5ygAiNw5LW,19
52,https://www.youtube.com/watch?v=5StOpKRl5zB,11
54,https://www.youtube.com/watch?v=sbG6XQmf2tl,30
57,https://www.youtube.com/watch?v=F3eOzU2hXaV,27
82,https://www.youtube.com/watch?v=V1Z0Fdy8TsN,1
86,https://www.youtube.com/watch?v=guv8fUFIJry,28
92,https://www.youtube.com/watch?v=MgEz8ZsulK8,6
93,https://www.youtube.com/watch?v=zgqWYGoVmWx,7
98,https://www.youtube.com/watch?v=WkzJKzTSBrZ,9
99,https://www.youtube.com/watch?v=S4d7E20MvDC,10
100,https://www.youtube.com/watch?v=ENcLnZELq3K,6
