ModuleID,VideoLink
5,https://www.youtube.com/watch?v=Nb1kMsdXP0b
8,https://www.youtube.com/watch?v=1NMuZxB7spa
9,https://www.youtube.com/watch?v=bz72Hy6HRtz
12,https://www.youtube.com/watch?v=480sbXDhN4w
16,https://www.youtube.com/watch?v=8q9cFR0XGcq
17,https://www.youtube.com/watch?v=XSaJhDsWWn3
25,https://www.youtube.com/watch?v=vofOgLbPBUS
26,https://www.youtube.com/watch?v=DitCa4Dt2Ch
27,https://www.youtube.com/watch?v=M05TOOItjf9
29,https://www.youtube.com/watch?v=Wn4wbbDRqSH
30,https://www.youtube.com/watch?v=9BVj8ceKLJ9
31,https://www.youtube.com/watch?v=gYTtQNUrLPZ
39,https://www.youtube.com/watch?v=kMCUCkgGvIN
42,https://www.youtube.com/watch?v=AarIuEb9AJL
48,https://www.youtube.com/watch?v=iUdFlMOsmJ8
49,https://www.youtube.com/watch?v=gETnaQMFhMi
51,https://www.youtube.com/watch?v=73oDMGyEHMO
55,https://www.youtube.com/watch?v=pJ4wL3afwW6
58,https://www.youtube.com/watch?v=zL7d5qqLceu
62,https://www.youtube.com/watch?v=5nBxRTJD3QW
69,https://www.youtube.com/watch?v=xasv9d4k9xe
70,https://www.youtube.com/watch?v=X4W20ExVnNV
72,https://www.youtube.com/watch?v=DWINgdXkrqz
76,https://www.youtube.com/watch?v=LmgXDBS8fnP
78,https://www.youtube.com/watch?v=GQXCGyx9gWe
79,https://www.youtube.com/watch?v=ToJkd5TJ1Gi
85,https://www.youtube.com/watch?v=gi7b6JHXDzN
91,https://www.youtube.com/watch?v=IMo5hTqNhtX
94,https://www.youtube.com/watch?v=cgKTZVuWucD
